TAHUN,JUMLAH,DOMESTIK,ASING,ASEAN,Brunei,Cambodia,Indonesia,Laos,Malaysia,Myanmar,Philippines,Singapore,Thailand,Vietnam,EASTERN ASIA,China,Hong Kong,Japan,South Korea,Taiwan,SOUTHERN ASIA,Bangladesh,India,Pakistan,Nepal,Sri Lanka,WEST ASIA,Egypt,Iraq,Iran,Jordan,Kuwait,Lebanon,Oman,Saudi Arabia,Syria,Turkey,UAE,OTHERS WEST ASIA,CARRIBEAN,Bahamas,Cuba,AMERICA,Mexico,Canada,USA,Argentina,Brazil,Venezuela,OTHERS SOUTHERN AMERICA,OCEANIA,Australia,New Zealand,Papua New Guinea,EUROPE,Russia,OTHERS EASTERN EUROPE,Denmark,Finland,Ireland,Norway,Portugal,Sweden,United Kingdom,Greece,Italy,Spain,Austria,Belgium,France,Germany,Hungary,Luxembourg,Netherlands,Romania,Switzerland,OTHERS WESTERN EUROPE,AFRICA,South Africa,OTHERS AFRICA,OTHERS
2000,2169987,1129467,1040520,1601280,648,0,31740,0,1129467,0,4798,431630,2997,0,438599,295420,47190,66842,4462,24685,3047,0,3047,0,0,0,2052,0,0,0,0,0,0,0,0,0,0,0,2052,0,0,0,17262,0,3724,12928,0,0,0,610,15559,12280,3279,0,66465,305,2277,1262,683,1280,877,0,1699,18817,0,3029,0,0,812,5927,9525,0,681,12189,0,0,7102,1968,1838,130,24060
2001,2568598,1528971,1039627,2042318,1350,0,69335,0,1528971,0,4760,432944,4958,0,402591,266186,53159,53352,4799,25095,5682,0,5682,0,0,0,1382,0,0,0,0,0,0,0,0,0,0,0,1382,0,0,0,15309,0,3173,11304,0,0,0,832,16834,13218,3616,0,66385,1698,1221,2145,864,1038,575,0,1532,17089,0,2821,0,0,1017,5697,8017,0,114,16201,0,0,6356,1016,646,370,17081
2002,2976187,1842336,1133851,2347403,1075,0,81974,0,1842336,0,3844,412976,5198,0,497412,342767,54085,59198,5048,36314,7200,0,7200,0,0,0,2151,0,0,0,0,0,0,0,0,0,0,0,2151,0,0,0,16800,0,3314,12924,0,0,0,562,16412,13497,2915,0,71997,784,1342,1595,435,1080,1036,0,1890,18313,0,3066,0,0,964,6263,10388,0,128,16029,0,0,8684,3397,986,2411,13415
2003,3602948,2860336,742612,3207325,1152,415,79427,237,2860336,145,3561,246602,8572,6878,323293,230209,39858,34057,4144,15025,4219,0,4219,0,0,0,1212,0,0,0,0,0,0,0,0,0,0,0,1212,0,0,0,9542,0,1856,7469,0,0,0,217,8436,6951,1485,0,41860,241,372,938,569,1030,671,0,1472,12038,0,1534,0,0,521,3468,7256,0,39,7773,0,0,3938,472,228,244,6589
2004,4005038,2987310,1017728,3398087,2421,337,100594,141,2987310,565,4693,273151,5703,23172,356396,247552,41363,24386,3638,39457,4024,424,2937,258,0,405,14615,9,65,139,74,66,14,14,1132,12,129,12452,509,0,0,0,6801,25,1407,4980,83,295,11,0,7720,6423,1279,18,30672,432,0,1099,332,473,557,30,741,8964,6,1869,285,332,637,3196,3940,20,189,6025,4,1541,0,929,929,0,185794
2005,4695762,3719292,976470,4105839,1084,107,121606,37,3719292,203,3498,218681,6591,34740,304971,193030,54586,22705,5745,28905,7824,373,6796,546,0,109,18158,18,28,723,56,38,12,856,15733,310,40,342,2,0,0,0,6064,4,1712,4246,11,70,0,21,8950,7046,1904,0,33867,618,0,893,237,547,533,11,2164,8658,6,1541,447,316,725,4065,4302,0,98,6537,9,2160,0,811,663,148,209278
2006,5097832,3964477,1133355,4354862,925,116,105986,56,3964477,156,3860,244403,7848,27035,328599,205121,44630,20799,17130,40919,22374,488,20923,636,0,327,53343,14,24,129,15,64,34,210,32215,0,52,20583,3,18,18,0,10171,26,2557,7490,87,10,1,0,9689,8153,1536,0,40612,878,0,2125,819,420,545,70,2640,12129,0,2328,266,476,910,4988,5454,0,129,4895,10,1530,0,873,367,506,277291
2007,6023311,4857248,1366063,5108400,978,177,128057,149,4657248,282,4641,263235,14172,39461,399283,232426,59558,25625,34889,46705,24172,803,21755,1114,0,500,61364,71,40,397,20,54,72,420,59008,38,79,571,594,1,1,0,16926,21,5366,11487,32,12,8,0,16085,11729,4350,6,69190,2203,0,4735,1175,1694,681,41,5661,16484,6,2644,340,499,1284,6984,9220,90,115,9304,19,6011,0,1273,722,551,326697
2008,7205492,6004105,1201387,6400873,1356,308,106612,291,6004105,357,3404,236763,12548,35129,303377,188683,44030,24135,15782,30747,22078,460,19775,1541,0,302,26160,27,204,3735,77,146,16,221,20274,64,184,759,453,10,10,0,11278,23,2216,8971,7,53,8,0,10575,9220,1347,8,48029,873,0,1848,830,714,820,96,3034,12810,22,2497,552,622,769,5750,7406,30,30,7438,28,1856,4,2660,804,1856,380452
2009,8905273,7293762,1611511,7779732,1747,3896,136975,692,7293762,2375,4974,277875,16215,41221,318781,201381,37740,30792,15628,33240,38502,1174,33180,2402,0,1746,28425,299,671,6551,83,666,106,139,16664,247,552,1926,521,12,0,12,22434,94,2307,19604,71,263,95,0,13438,11770,1643,25,49956,458,0,1637,404,624,449,139,3829,22429,35,1561,840,642,598,4235,3755,45,48,6191,63,1971,3,2736,1464,1272,651257
2010,10354661,8177869,2176792,8964464,6866,8061,269553,3095,8177869,3159,7129,407780,24323,56629,478278,255010,70189,55873,42724,54482,59730,2068,51534,3949,0,2179,45350,1026,718,15380,262,877,205,300,22030,416,658,2512,966,131,22,109,30014,199,4301,24110,158,989,257,0,18196,14320,3695,181,67584,848,0,2231,646,1344,542,192,4237,26498,156,2765,1319,894,849,6026,5418,170,239,8670,165,4358,17,4664,2504,2160,686250
2011,12165866,9070901,3094965,10294642,22068,28919,350155,29259,9070901,16911,38190,587374,71580,79285,1109326,650003,148419,83408,43161,184335,72710,31839,27716,7323,0,5832,26235,2458,1565,8347,1101,1121,457,720,3909,545,2204,2002,1806,376,242,134,40975,1456,6939,22275,4524,4718,1016,47,73414,60751,12382,281,104812,5112,4502,4389,2395,4405,3542,993,1951,19699,1816,4647,2455,2026,1973,7155,8818,1508,4273,8717,1082,13053,301,10317,6419,3898,418929
2012,13711134,10198855,3512279,11752944,42711,57890,517941,81027,10198855,27921,55006,584088,104472,83033,1413880,652002,217596,123930,63943,356409,57236,22644,17132,9815,0,7645,31696,2625,2625,6018,1643,2387,664,1566,6538,673,3210,2372,1375,1006,702,304,39212,1283,6107,22101,2514,4984,2113,110,90296,79504,10527,265,109683,4239,2783,7771,5587,6752,1911,1284,2217,18220,2124,5538,3465,2981,2757,8320,9312,2564,2186,9897,1808,7577,390,10407,7506,2901,204774
2013,14312717,10366594,3946123,11859448,36415,13852,505560,33627,10366594,22349,50109,694201,75764,60977,1449239,824913,131937,145728,72722,273939,39175,7424,12680,5882,4661,8528,26819,2059,1806,3843,1192,2011,272,1388,6089,485,2345,2476,2853,1115,778,337,27818,592,5729,15954,927,2788,1177,651,20747,15639,4523,585,108427,29786,982,5385,3260,3354,1841,1424,1857,14012,701,3646,1845,1478,2046,11010,7760,483,670,9728,569,5466,1124,5697,3781,1916,774232
2014,15032030,10846706,4185324,12954734,25777,12034,486536,13672,10846706,17262,75765,1272190,79117,125675,1189813,750101,96288,145438,62454,135532,47531,8554,19015,6485,7318,6159,42388,2452,2530,2915,1811,7610,176,1641,15101,321,2843,3900,1088,1324,949,375,52837,4005,10576,25899,5071,4307,1673,1306,59115,49881,8988,246,171978,6466,1344,6522,4244,5027,2996,2983,7305,32942,1171,7446,4316,6279,4209,20965,25170,2036,556,21148,371,8186,296,6553,4761,1792,505757
2015,15736859,11270392,4466467,13629353,15967,6800,591324,9955,11270392,25082,35598,1471048,91614,111573,1311785,879050,104354,129753,61138,137490,52521,8747,23979,8007,6207,5581,32535,1627,2453,2843,1610,2396,362,993,9825,581,3980,4069,1796,1716,1367,349,60871,4602,17851,28555,2507,3436,1422,2498,71139,58155,12762,222,211925,7224,2293,6061,3937,6139,3379,2236,4870,40487,1358,11147,5535,3774,4713,28238,27278,1505,1383,34268,418,9758,5924,13928,7498,6430,351086
2016,16282081,11222455,5059626,13455159,17959,13057,678572,17426,11222455,17285,39930,1263904,84236,100335,1796508,1351742,93716,119425,74079,157546,65230,11602,28348,9414,7853,8013,43173,2646,3177,3484,2478,2552,474,1067,13244,676,4234,3726,5415,954,788,166,49965,916,15557,25197,1537,4310,1686,762,50401,38575,11391,435,183965,4674,4070,5921,4948,6881,4103,2432,4434,34896,950,9954,5210,3063,4623,26202,20076,534,1491,26976,262,8432,3833,11430,6681,4749,625296
2017,16794468,11049328,5745140,13584494,27181,32969,760984,17417,11049328,15492,42146,1309900,121038,208039,2236523,1668959,106391,148428,116962,195783,80243,18006,31605,14851,8403,7378,49883,3464,3503,4849,2821,2993,366,767,11947,6359,3818,3653,5343,892,774,118,60960,1297,14848,30569,1763,5880,2725,3878,58931,45854,12592,485,226098,6856,2464,8900,4879,9098,4826,3085,4149,39850,1044,9650,6096,20873,5473,29562,26885,1418,264,29087,1394,8805,1440,14820,6218,8602,481624
2018,17020098,11333444,5686654,14095964,51197,29901,813400,16911,11333444,20171,37219,1590925,82913,119883,2313034,1771496,113131,134444,149157,144806,62873,14019,27010,9622,6053,6169,34518,2540,3000,3245,1767,1723,497,958,7294,963,3611,3332,5588,1256,776,480,54191,1710,19417,22996,1809,3321,1790,3148,39722,28166,11144,412,195000,4228,4248,8054,4200,7567,4422,3830,6228,22387,1969,10683,8314,3364,7047,24858,28294,1798,1764,21424,2130,9904,8287,13597,5401,8196,209943
2019,18727337,13029221,5698116,15080002,14143,11839,552813,5443,13029221,17096,46410,1081254,75201,246582,2897861,2193390,200931,190868,153014,159658,67924,9327,35788,9668,5765,7376,55741,2506,3547,4501,3113,2957,3731,5911,12383,4176,4647,4578,3691,5981,1917,4064,72625,3329,17067,39522,3040,5415,2435,1817,83178,67240,12087,3851,303642,3602,40546,6462,3858,7385,3273,4703,3198,43431,1007,16263,10027,5101,7919,33850,42969,15455,3037,34263,5283,9980,2030,18251,6571,11680,142132
2020,5053586,4537250,516336,4815715,2854,1696,103738,1991,4537250,4428,6823,100549,5854,50532,154079,87807,6689,10046,11154,38383,9897,2365,4894,1206,681,751,8853,556,508,719,546,339,627,520,814,360,677,759,2428,367,18,349,12994,593,2592,5284,1639,182,156,2548,5906,5237,638,31,26405,702,548,469,289,1039,172,340,614,5730,283,1140,883,572,369,3540,3843,417,376,2372,462,1879,366,2979,507,2472,16391
